<!DOCTYPE node PUBLIC "-//freedesktop//DTD D-BUS Object Introspection 1.0//EN"
	"http://www.freedesktop.org/standards/dbus/1.0/introspect.dtd">

<node>
	<interface name="org.bluez.Device1">
		<method name="Disconnect"></method>
		<method name="Connect"></method>
		<method name="ConnectProfile">
			<arg name="UUID" type="s" direction="in"/>
		</method>
		<method name="DisconnectProfile">
			<arg name="UUID" type="s" direction="in"/>
		</method>
		<method name="Pair"></method>
		<method name="CancelPairing"></method>
		
		<property name="Address" type="s" access="read"></property>
		<property name="AddressType" type="s" access="read"></property>
		<property name="Name" type="s" access="read"></property>
		<property name="Alias" type="s" access="readwrite"></property>
		<property name="Class" type="u" access="read"></property>
		<property name="Appearance" type="q" access="read"></property>
		<property name="Icon" type="s" access="read"></property>
		<property name="Paired" type="b" access="read"></property>
		<property name="Trusted" type="b" access="readwrite"></property>
		<property name="Blocked" type="b" access="readwrite"></property>
		<property name="LegacyPairing" type="b" access="read"></property>
		<property name="RSSI" type="n" access="read"></property>
		<property name="Connected" type="b" access="read"></property>
		<property name="UUIDs" type="as" access="read"></property>
		<property name="Modalias" type="s" access="read"></property>
		<property name="Adapter" type="o" access="read"></property>
		<property name="TxPower" type="n" access="read"></property>
		<property name="ManufacturerData" type="a{qv}" access="read"></property>
		<property name="ServiceData" type="a{sv}" access="read"></property>
		<property name="ServicesResolved" type="b" access="read"/>

		<!-- Was available until Bluez v5.37 to expose the list of available org.bluez.GattService1 -->
		<property name="GattServices" type="ao" access="read"></property>

		<signal name="PropertiesChanged">
			<arg name="interface" type="s"/>
			<arg name="changed_properties" type="a{sv}"/>
			<arg name="invalidated_properties" type="as"/>
		</signal>
	</interface>
</node>
