<!DOCTYPE node PUBLIC "-//freedesktop//DTD D-BUS Object Introspection 1.0//EN"
	"http://www.freedesktop.org/standards/dbus/1.0/introspect.dtd">

<node>
	<interface name="org.bluez.Adapter1">
		<method name="StartDiscovery"></method>
		<method name="SetDiscoveryFilter">
			<arg name="properties" type="a{sv}" direction="in"/>
		</method>
		<method name="StopDiscovery"></method>
		<method name="RemoveDevice">
			<arg name="device" type="o" direction="in"/>
		</method>
		<property name="Address" type="s" access="read"></property>
		<property name="Name" type="s" access="read"></property>
		<property name="Alias" type="s" access="readwrite"></property>
		<property name="Class" type="u" access="read"></property>
		<property name="Powered" type="b" access="readwrite"></property>
		<property name="Discoverable" type="b" access="readwrite"></property>
		<property name="DiscoverableTimeout" type="u" access="readwrite"></property>
		<property name="Pairable" type="b" access="readwrite"></property>
		<property name="PairableTimeout" type="u" access="readwrite"></property>
		<property name="Discovering" type="b" access="read"></property>
		<property name="UUIDs" type="as" access="read"></property>
		<property name="Modalias" type="s" access="read"></property>
	</interface>
</node>
